E_A#1 / keV;N_A#1;E_A#2 / keV;N_A#2;E_A#3 / keV;N_A#3;E_A#4 / keV;N_A#4;E_A#5 / keV;N_A#5;E_A#6 / keV;N_A#6;E_A#7 / keV;N_A#7;E_A#8 / keV;N_A#8;E_A#9 / keV;N_A#9;E_A#10 / keV;N_A#10;E_A#11 / keV;N_A#11;E_A#12 / keV;N_A#12
0,4;32;0,4;1;0,4;24;0,4;50;0,4;51;0,4;49;0,4;23;0,4;16;0,4;4;0,4;31;0,4;4;0,4;24
0,5;19;0,5;9;0,5;16;0,5;28;0,5;35;0,5;28;0,5;12;0,5;7;0,5;1;0,5;24;0,5;3;0,5;21
0,5;6;0,5;3;0,5;9;0,5;6;0,5;8;0,5;10;0,5;6;0,5;2;0,5;1;0,5;6;0,5;0;0,5;6
0,6;1;0,6;0;0,6;3;0,6;1;0,6;0;0,6;0;0,6;1;0,6;0;0,6;0;0,6;0;0,6;0;0,6;0
0,7;0;0,7;0;0,7;0;0,7;0;0,7;0;0,7;0;0,7;0;0,7;0;0,7;0;0,7;0;0,7;0;0,7;0
0,8;0;0,8;0;0,8;0;0,8;0;0,8;0;0,8;0;0,8;0;0,8;0;0,8;0;0,8;0;0,8;0;0,8;0
0,9;0;0,9;0;0,9;0;0,9;0;0,9;0;0,9;0;0,9;0;0,9;0;0,9;0;0,9;0;0,9;0;0,9;0
1;0;1;0;1;0;1;0;1;0;1;0;1;0;1;0;1;0;1;0;1;0;1;0
1,1;0;1,1;0;1,1;0;1,1;0;1,1;0;1,1;0;1,1;0;1,1;0;1,1;0;1,1;0;1,1;0;1,1;0
1,1;0;1,1;0;1,1;0;1,1;0;1,1;0;1,1;0;1,1;0;1,1;0;1,1;0;1,1;0;1,1;0;1,1;0
1,2;0;1,2;0;1,2;0;1,2;0;1,2;0;1,2;0;1,2;0;1,2;0;1,2;0;1,2;0;1,2;0;1,2;0
1,3;0;1,3;0;1,3;0;1,3;0;1,3;0;1,3;0;1,3;0;1,3;0;1,3;0;1,3;0;1,3;0;1,3;0
1,4;0;1,4;0;1,4;0;1,4;0;1,4;0;1,4;0;1,4;0;1,4;0;1,4;0;1,4;0;1,4;0;1,4;0
1,5;0;1,5;0;1,5;0;1,5;0;1,5;0;1,5;0;1,5;0;1,5;0;1,5;0;1,5;0;1,5;0;1,5;1
1,6;0;1,6;0;1,6;0;1,6;2;1,6;0;1,6;0;1,6;0;1,6;0;1,6;0;1,6;0;1,6;0;1,6;1
1,7;0;1,7;0;1,7;0;1,7;0;1,7;0;1,7;2;1,7;0;1,7;0;1,7;0;1,7;0;1,7;0;1,7;0
1,7;0;1,7;0;1,7;0;1,7;0;1,7;1;1,7;0;1,7;0;1,7;0;1,7;0;1,7;0;1,7;0;1,7;0
1,8;1;1,8;0;1,8;0;1,8;0;1,8;2;1,8;0;1,8;0;1,8;0;1,8;0;1,8;0;1,8;0;1,8;0
1,9;0;1,9;0;1,9;0;1,9;1;1,9;4;1,9;5;1,9;2;1,9;0;1,9;0;1,9;2;1,9;0;1,9;3
2;0;2;0;2;0;2;6;2;7;2;8;2;0;2;0;2;0;2;1;2;0;2;0
2,1;4;2,1;0;2,1;10;2,1;4;2,1;14;2,1;6;2,1;4;2,1;1;2,1;0;2,1;0;2,1;0;2,1;4
2,2;9;2,2;1;2,2;5;2,2;10;2,2;20;2,2;14;2,2;5;2,2;3;2,2;0;2,2;6;2,2;1;2,2;10
2,3;12;2,3;3;2,3;7;2,3;22;2,3;29;2,3;27;2,3;11;2,3;8;2,3;0;2,3;9;2,3;1;2,3;13
2,4;22;2,4;7;2,4;29;2,4;35;2,4;34;2,4;41;2,4;17;2,4;14;2,4;1;2,4;9;2,4;3;2,4;26
2,4;47;2,4;12;2,4;40;2,4;42;2,4;76;2,4;58;2,4;24;2,4;15;2,4;8;2,4;25;2,4;1;2,4;33
2,5;53;2,5;17;2,5;55;2,5;71;2,5;92;2,5;91;2,5;38;2,5;30;2,5;6;2,5;23;2,5;0;2,5;45
2,6;78;2,6;26;2,6;63;2,6;87;2,6;97;2,6;104;2,6;56;2,6;44;2,6;14;2,6;31;2,6;6;2,6;69
2,7;117;2,7;42;2,7;89;2,7;118;2,7;107;2,7;138;2,7;74;2,7;60;2,7;14;2,7;54;2,7;10;2,7;94
2,8;120;2,8;52;2,8;101;2,8;153;2,8;199;2,8;164;2,8;88;2,8;55;2,8;23;2,8;67;2,8;9;2,8;131
2,9;193;2,9;77;2,9;157;2,9;167;2,9;172;2,9;195;2,9;90;2,9;58;2,9;21;2,9;77;2,9;12;2,9;147
3;186;3;103;3;151;3;193;3;211;3;194;3;97;3;59;3;26;3;90;3;17;3;167
3;194;3;89;3;190;3;210;3;228;3;235;3;116;3;56;3;59;3;107;3;19;3;224
3,1;226;3,1;111;3,1;218;3,1;192;3,1;214;3,1;218;3,1;93;3,1;81;3,1;71;3,1;126;3,1;25;3,1;206
3,2;236;3,2;151;3,2;242;3,2;203;3,2;242;3,2;248;3,2;116;3,2;108;3,2;67;3,2;120;3,2;24;3,2;223
3,3;218;3,3;112;3,3;225;3,3;233;3,3;253;3,3;252;3,3;136;3,3;78;3,3;96;3,3;128;3,3;31;3,3;212
3,4;233;3,4;134;3,4;241;3,4;242;3,4;250;3,4;219;3,4;119;3,4;92;3,4;98;3,4;122;3,4;24;3,4;226
3,5;260;3,5;133;3,5;223;3,5;211;3,5;267;3,5;246;3,5;108;3,5;79;3,5;125;3,5;154;3,5;31;3,5;230
3,6;274;3,6;129;3,6;262;3,6;262;3,6;280;3,6;251;3,6;124;3,6;73;3,6;90;3,6;136;3,6;27;3,6;228
3,6;282;3,6;125;3,6;237;3,6;263;3,6;259;3,6;236;3,6;114;3,6;95;3,6;100;3,6;140;3,6;35;3,6;269
3,7;261;3,7;110;3,7;256;3,7;253;3,7;237;3,7;243;3,7;126;3,7;83;3,7;73;3,7;144;3,7;30;3,7;240
3,8;254;3,8;118;3,8;251;3,8;254;3,8;253;3,8;255;3,8;116;3,8;71;3,8;68;3,8;129;3,8;29;3,8;265
3,9;285;3,9;132;3,9;285;3,9;301;3,9;240;3,9;238;3,9;113;3,9;66;3,9;62;3,9;143;3,9;20;3,9;217
4;284;4;129;4;308;4;285;4;265;4;266;4;117;4;88;4;42;4;167;4;35;4;306
4,1;313;4,1;187;4,1;315;4,1;296;4,1;282;4,1;264;4,1;124;4,1;86;4,1;24;4,1;153;4,1;38;4,1;325
4,2;275;4,2;340;4,2;285;4,2;342;4,2;346;4,2;258;4,2;116;4,2;78;4,2;29;4,2;169;4,2;37;4,2;323
4,2;323;4,2;724;4,2;322;4,2;328;4,2;309;4,2;277;4,2;124;4,2;79;4,2;16;4,2;165;4,2;39;4,2;314
4,3;317;4,3;1355;4,3;307;4,3;329;4,3;330;4,3;278;4,3;111;4,3;73;4,3;28;4,3;165;4,3;39;4,3;322
4,4;352;4,4;2433;4,4;362;4,4;303;4,4;321;4,4;308;4,4;122;4,4;82;4,4;26;4,4;189;4,4;31;4,4;338
4,5;359;4,5;3446;4,5;355;4,5;341;4,5;364;4,5;316;4,5;122;4,5;69;4,5;24;4,5;201;4,5;29;4,5;348
4,6;350;4,6;4193;4,6;405;4,6;400;4,6;356;4,6;333;4,6;116;4,6;82;4,6;20;4,6;199;4,6;34;4,6;387
4,7;380;4,7;4557;4,7;433;4,7;358;4,7;364;4,7;344;4,7;105;4,7;79;4,7;18;4,7;190;4,7;33;4,7;376
4,8;400;4,8;4316;4,8;412;4,8;362;4,8;372;4,8;334;4,8;122;4,8;75;4,8;14;4,8;219;4,8;39;4,8;390
4,8;388;4,8;3922;4,8;421;4,8;366;4,8;345;4,8;363;4,8;132;4,8;70;4,8;30;4,8;234;4,8;33;4,8;394
4,9;331;4,9;3234;4,9;363;4,9;352;4,9;351;4,9;363;4,9;121;4,9;65;4,9;23;4,9;215;4,9;68;4,9;402
5;421;5;2484;5;379;5;394;5;395;5;322;5;105;5;78;5;23;5;214;5;107;5;388
5,1;370;5,1;1895;5,1;403;5,1;354;5,1;402;5,1;362;5,1;106;5,1;74;5,1;25;5,1;221;5,1;197;5,1;367
5,2;360;5,2;1264;5,2;405;5,2;425;5,2;422;5,2;357;5,2;117;5,2;82;5,2;17;5,2;222;5,2;341;5,2;385
5,3;388;5,3;842;5,3;388;5,3;428;5,3;382;5,3;405;5,3;116;5,3;80;5,3;18;5,3;200;5,3;547;5,3;389
5,4;376;5,4;512;5,4;393;5,4;424;5,4;401;5,4;350;5,4;106;5,4;94;5,4;18;5,4;230;5,4;850;5,4;384
5,5;383;5,5;295;5,5;399;5,5;437;5,5;358;5,5;395;5,5;126;5,5;91;5,5;35;5,5;255;5,5;1008;5,5;405
5,5;394;5,5;175;5,5;480;5,5;488;5,5;447;5,5;412;5,5;120;5,5;93;5,5;23;5,5;280;5,5;1096;5,5;439
5,6;473;5,6;87;5,6;488;5,6;459;5,6;446;5,6;417;5,6;111;5,6;81;5,6;29;5,6;267;5,6;1029;5,6;480
5,7;612;5,7;35;5,7;645;5,7;512;5,7;426;5,7;370;5,7;117;5,7;55;5,7;22;5,7;348;5,7;943;5,7;636
5,8;995;5,8;17;5,8;1082;5,8;495;5,8;450;5,8;416;5,8;122;5,8;82;5,8;19;5,8;403;5,8;761;5,8;1017
5,9;1736;5,9;13;5,9;2008;5,9;505;5,9;462;5,9;420;5,9;142;5,9;76;5,9;19;5,9;618;5,9;622;5,9;1771
6;3206;6;10;6;3582;6;503;6;497;6;423;6;132;6;87;6;24;6;896;6;496;6;3359
6,1;5291;6,1;6;6,1;6371;6,1;474;6,1;496;6,1;437;6,1;124;6,1;79;6,1;29;6,1;1512;6,1;428;6,1;5734
6,1;8024;6,1;7;6,1;9928;6,1;481;6,1;509;6,1;445;6,1;140;6,1;75;6,1;20;6,1;2247;6,1;381;6,1;8848
6,2;10342;6,2;11;6,2;13300;6,2;518;6,2;496;6,2;436;6,2;149;6,2;91;6,2;20;6,2;2887;6,2;349;6,2;12116
6,3;12018;6,3;8;6,3;15831;6,3;532;6,3;492;6,3;429;6,3;147;6,3;104;6,3;29;6,3;3601;6,3;358;6,3;15011
6,4;12131;6,4;16;6,4;16534;6,4;493;6,4;523;6,4;440;6,4;149;6,4;98;6,4;40;6,4;3779;6,4;365;6,4;15869
6,5;11483;6,5;17;6,5;15940;6,5;560;6,5;444;6,5;471;6,5;152;6,5;102;6,5;34;6,5;3737;6,5;361;6,5;15722
6,6;10117;6,6;16;6,6;14032;6,6;568;6,6;552;6,6;508;6,6;150;6,6;88;6,6;29;6,6;3467;6,6;318;6,6;14268
6,7;8569;6,7;10;6,7;11679;6,7;739;6,7;523;6,7;514;6,7;186;6,7;96;6,7;29;6,7;2957;6,7;298;6,7;12145
6,7;6913;6,7;13;6,7;9308;6,7;1112;6,7;500;6,7;499;6,7;133;6,7;109;6,7;23;6,7;2542;6,7;232;6,7;9989
6,8;5644;6,8;23;6,8;7444;6,8;1897;6,8;472;6,8;518;6,8;136;6,8;84;6,8;35;6,8;2342;6,8;194;6,8;7939
6,9;4578;6,9;18;6,9;5869;6,9;3566;6,9;531;6,9;538;6,9;160;6,9;109;6,9;33;6,9;2381;6,9;150;6,9;6427
7;3700;7;19;7;4748;7;6045;7;575;7;549;7;156;7;89;7;33;7;2752;7;131;7;4834
7,1;2913;7,1;19;7,1;3637;7,1;9749;7,1;673;7,1;499;7,1;142;7,1;99;7,1;34;7,1;3880;7,1;109;7,1;3841
7,2;2433;7,2;26;7,2;2802;7,2;13964;7,2;841;7,2;524;7,2;171;7,2;92;7,2;26;7,2;5470;7,2;94;7,2;2956
7,3;1897;7,3;23;7,3;2238;7,3;17907;7,3;1207;7,3;559;7,3;187;7,3;97;7,3;37;7,3;7297;7,3;93;7,3;2432
7,3;1571;7,3;30;7,3;1705;7,3;20761;7,3;2056;7,3;569;7,3;195;7,3;108;7,3;31;7,3;9061;7,3;68;7,3;1840
7,4;1143;7,4;19;7,4;1299;7,4;21557;7,4;3620;7,4;576;7,4;206;7,4;124;7,4;37;7,4;10098;7,4;72;7,4;1438
7,5;906;7,5;23;7,5;872;7,5;20232;7,5;6133;7,5;603;7,5;212;7,5;122;7,5;39;7,5;10025;7,5;46;7,5;969
7,6;635;7,6;20;7,6;561;7,6;17765;7,6;9958;7,6;677;7,6;206;7,6;114;7,6;33;7,6;9654;7,6;42;7,6;666
7,7;501;7,7;13;7,7;330;7,7;14722;7,7;14640;7,7;802;7,7;182;7,7;110;7,7;40;7,7;8570;7,7;43;7,7;403
7,8;451;7,8;10;7,8;205;7,8;11684;7,8;19098;7,8;1100;7,8;192;7,8;115;7,8;20;7,8;7370;7,8;37;7,8;235
7,9;351;7,9;15;7,9;129;7,9;8924;7,9;22212;7,9;1800;7,9;154;7,9;88;7,9;36;7,9;6471;7,9;23;7,9;172
8;419;8;15;8;118;8;7042;8;23647;8;3066;8;152;8;106;8;28;8;5589;8;19;8;118
8;555;8;16;8;91;8;5609;8;22965;8;5318;8;173;8;100;8;31;8;4834;8;16;8;89
8,1;1011;8,1;6;8,1;70;8,1;4867;8,1;20258;8,1;8135;8,1;150;8,1;97;8,1;33;8,1;4225;8,1;7;8,1;86
8,2;1637;8,2;8;8,2;63;8,2;4188;8,2;17227;8,2;12683;8,2;179;8,2;99;8,2;36;8,2;3624;8,2;7;8,2;63
8,3;2664;8,3;9;8,3;70;8,3;3716;8,3;13599;8,3;17338;8,3;155;8,3;96;8,3;21;8,3;3136;8,3;12;8,3;57
8,4;3780;8,4;5;8,4;52;8,4;3013;8,4;10424;8,4;21209;8,4;181;8,4;110;8,4;28;8,4;2585;8,4;10;8,4;63
8,5;4696;8,5;10;8,5;72;8,5;2407;8,5;7940;8,5;23696;8,5;159;8,5;111;8,5;27;8,5;1993;8,5;9;8,5;65
8,6;5343;8,6;5;8,6;64;8,6;1912;8,6;6250;8,6;24404;8,6;160;8,6;92;8,6;30;8,6;1484;8,6;8;8,6;60
8,6;5233;8,6;12;8,6;51;8,6;1286;8,6;5080;8,6;22259;8,6;181;8,6;88;8,6;16;8,6;984;8,6;4;8,6;62
8,7;4807;8,7;8;8,7;58;8,7;960;8,7;4737;8,7;19623;8,7;175;8,7;92;8,7;34;8,7;699;8,7;2;8,7;65
8,8;4230;8,8;10;8,8;66;8,8;661;8,8;4345;8,8;16277;8,8;165;8,8;103;8,8;18;8,8;445;8,8;4;8,8;59
8,9;3314;8,9;8;8,9;62;8,9;427;8,9;3917;8,9;12740;8,9;205;8,9;79;8,9;27;8,9;309;8,9;7;8,9;53
9;2531;9;5;9;51;9;317;9;3393;9;9581;9;131;9;99;9;21;9;188;9;8;9;74
9,1;1819;9,1;6;9,1;67;9,1;262;9,1;2801;9,1;7133;9,1;180;9,1;81;9,1;14;9,1;130;9,1;4;9,1;59
9,2;1349;9,2;7;9,2;72;9,2;209;9,2;2158;9,2;5615;9,2;162;9,2;117;9,2;19;9,2;95;9,2;5;9,2;73
9,2;887;9,2;5;9,2;67;9,2;187;9,2;1558;9,2;4949;9,2;212;9,2;121;9,2;31;9,2;84;9,2;5;9,2;89
9,3;819;9,3;8;9,3;106;9,3;155;9,3;1162;9,3;4522;9,3;216;9,3;109;9,3;24;9,3;61;9,3;6;9,3;89
9,4;860;9,4;8;9,4;101;9,4;152;9,4;817;9,4;4305;9,4;269;9,4;130;9,4;32;9,4;66;9,4;8;9,4;91
9,5;828;9,5;6;9,5;122;9,5;119;9,5;608;9,5;4199;9,5;296;9,5;158;9,5;56;9,5;56;9,5;5;9,5;109
9,6;788;9,6;9;9,6;152;9,6;132;9,6;413;9,6;3770;9,6;329;9,6;202;9,6;38;9,6;72;9,6;5;9,6;149
9,7;772;9,7;11;9,7;193;9,7;154;9,7;319;9,7;3088;9,7;355;9,7;226;9,7;51;9,7;52;9,7;10;9,7;161
9,8;634;9,8;10;9,8;215;9,8;125;9,8;293;9,8;2532;9,8;333;9,8;196;9,8;48;9,8;51;9,8;8;9,8;184
9,8;545;9,8;7;9,8;211;9,8;112;9,8;264;9,8;1934;9,8;320;9,8;216;9,8;54;9,8;46;9,8;11;9,8;175
9,9;423;9,9;14;9,9;212;9,9;123;9,9;215;9,9;1425;9,9;306;9,9;193;9,9;52;9,9;56;9,9;12;9,9;217
10;299;10;5;10;219;10;134;10;190;10;1018;10;250;10;167;10;49;10;39;10;11;10;174
10,1;262;10,1;5;10,1;200;10,1;117;10,1;164;10,1;692;10,1;224;10,1;151;10,1;44;10,1;40;10,1;5;10,1;172
10,2;177;10,2;5;10,2;179;10,2;124;10,2;178;10,2;549;10,2;206;10,2;117;10,2;33;10,2;54;10,2;5;10,2;171
10,3;151;10,3;8;10,3;137;10,3;125;10,3;162;10,3;420;10,3;186;10,3;113;10,3;26;10,3;63;10,3;3;10,3;175
10,4;122;10,4;1;10,4;124;10,4;118;10,4;180;10,4;302;10,4;170;10,4;114;10,4;33;10,4;55;10,4;8;10,4;162
10,4;119;10,4;2;10,4;107;10,4;116;10,4;172;10,4;266;10,4;155;10,4;92;10,4;33;10,4;75;10,4;4;10,4;115
10,5;100;10,5;3;10,5;95;10,5;108;10,5;170;10,5;257;10,5;168;10,5;92;10,5;24;10,5;78;10,5;7;10,5;113
10,6;82;10,6;0;10,6;93;10,6;121;10,6;167;10,6;223;10,6;167;10,6;87;10,6;22;10,6;66;10,6;6;10,6;95
10,7;94;10,7;6;10,7;81;10,7;151;10,7;149;10,7;233;10,7;144;10,7;74;10,7;19;10,7;78;10,7;8;10,7;75
10,8;87;10,8;7;10,8;84;10,8;190;10,8;135;10,8;186;10,8;153;10,8;110;10,8;18;10,8;109;10,8;7;10,8;57
10,9;71;10,9;6;10,9;61;10,9;176;10,9;149;10,9;178;10,9;162;10,9;108;10,9;23;10,9;90;10,9;11;10,9;72
11;64;11;2;11;61;11;195;11;144;11;210;11;176;11;118;11;22;11;91;11;7;11;54
11,1;56;11,1;4;11,1;52;11,1;236;11,1;152;11,1;177;11,1;213;11,1;118;11,1;24;11,1;90;11,1;2;11,1;57
11,1;75;11,1;6;11,1;49;11,1;271;11,1;141;11,1;183;11,1;219;11,1;150;11,1;35;11,1;108;11,1;3;11,1;53
11,2;87;11,2;8;11,2;54;11,2;315;11,2;148;11,2;193;11,2;285;11,2;154;11,2;36;11,2;99;11,2;7;11,2;48
11,3;75;11,3;7;11,3;54;11,3;349;11,3;172;11,3;158;11,3;280;11,3;175;11,3;37;11,3;115;11,3;4;11,3;56
11,4;86;11,4;6;11,4;48;11,4;345;11,4;140;11,4;156;11,4;311;11,4;202;11,4;45;11,4;116;11,4;4;11,4;52
11,5;86;11,5;10;11,5;44;11,5;312;11,5;185;11,5;196;11,5;316;11,5;186;11,5;54;11,5;127;11,5;8;11,5;46
11,6;114;11,6;6;11,6;47;11,6;358;11,6;209;11,6;184;11,6;305;11,6;205;11,6;52;11,6;116;11,6;9;11,6;53
11,7;90;11,7;13;11,7;51;11,7;342;11,7;250;11,7;196;11,7;272;11,7;189;11,7;47;11,7;105;11,7;5;11,7;45
11,7;124;11,7;6;11,7;56;11,7;282;11,7;262;11,7;186;11,7;259;11,7;159;11,7;41;11,7;118;11,7;9;11,7;43
11,8;110;11,8;12;11,8;36;11,8;258;11,8;301;11,8;178;11,8;215;11,8;152;11,8;51;11,8;96;11,8;9;11,8;51
11,9;131;11,9;7;11,9;43;11,9;252;11,9;349;11,9;193;11,9;223;11,9;138;11,9;44;11,9;93;11,9;11;11,9;38
12;146;12;6;12;45;12;228;12;406;12;172;12;203;12;115;12;35;12;96;12;5;12;50
12,1;140;12,1;7;12,1;49;12,1;207;12,1;423;12,1;167;12,1;178;12,1;99;12,1;34;12,1;83;12,1;5;12,1;44
12,2;101;12,2;8;12,2;43;12,2;187;12,2;424;12,2;174;12,2;160;12,2;84;12,2;22;12,2;74;12,2;3;12,2;47
12,3;112;12,3;7;12,3;55;12,3;166;12,3;474;12,3;201;12,3;180;12,3;94;12,3;29;12,3;71;12,3;9;12,3;49
12,3;103;12,3;4;12,3;52;12,3;132;12,3;419;12,3;213;12,3;172;12,3;84;12,3;30;12,3;73;12,3;8;12,3;63
12,4;93;12,4;8;12,4;48;12,4;126;12,4;404;12,4;204;12,4;147;12,4;81;12,4;33;12,4;44;12,4;7;12,4;51
12,5;77;12,5;10;12,5;56;12,5;138;12,5;377;12,5;255;12,5;155;12,5;82;12,5;23;12,5;44;12,5;7;12,5;58
12,6;76;12,6;10;12,6;34;12,6;94;12,6;348;12,6;328;12,6;159;12,6;105;12,6;36;12,6;39;12,6;5;12,6;55
12,7;68;12,7;6;12,7;48;12,7;91;12,7;320;12,7;341;12,7;143;12,7;75;12,7;20;12,7;34;12,7;8;12,7;49
12,8;78;12,8;8;12,8;41;12,8;76;12,8;268;12,8;375;12,8;157;12,8;74;12,8;19;12,8;40;12,8;5;12,8;52
12,9;63;12,9;9;12,9;39;12,9;86;12,9;253;12,9;414;12,9;175;12,9;77;12,9;25;12,9;42;12,9;8;12,9;32
12,9;67;12,9;11;12,9;49;12,9;97;12,9;260;12,9;435;12,9;179;12,9;90;12,9;26;12,9;36;12,9;8;12,9;46
13;65;13;6;13;40;13;80;13;197;13;448;13;169;13;98;13;30;13;33;13;10;13;37
13,1;69;13,1;5;13,1;26;13,1;80;13,1;223;13,1;468;13,1;178;13,1;101;13,1;30;13,1;32;13,1;5;13,1;31
13,2;63;13,2;8;13,2;23;13,2;80;13,2;198;13,2;473;13,2;170;13,2;113;13,2;27;13,2;38;13,2;8;13,2;35
13,3;55;13,3;6;13,3;21;13,3;44;13,3;177;13,3;450;13,3;170;13,3;106;13,3;25;13,3;32;13,3;4;13,3;29
13,4;46;13,4;9;13,4;20;13,4;80;13,4;147;13,4;411;13,4;195;13,4;89;13,4;27;13,4;36;13,4;6;13,4;15
13,5;35;13,5;6;13,5;20;13,5;63;13,5;117;13,5;400;13,5;202;13,5;121;13,5;28;13,5;35;13,5;13;13,5;21
13,6;42;13,6;10;13,6;14;13,6;72;13,6;101;13,6;334;13,6;192;13,6;131;13,6;32;13,6;41;13,6;8;13,6;17
13,6;32;13,6;8;13,6;15;13,6;66;13,6;122;13,6;349;13,6;211;13,6;103;13,6;41;13,6;34;13,6;8;13,6;20
13,7;42;13,7;9;13,7;11;13,7;64;13,7;109;13,7;269;13,7;219;13,7;106;13,7;30;13,7;38;13,7;10;13,7;12
13,8;44;13,8;6;13,8;11;13,8;76;13,8;111;13,8;276;13,8;244;13,8;86;13,8;28;13,8;29;13,8;11;13,8;10
13,9;29;13,9;6;13,9;10;13,9;69;13,9;96;13,9;268;13,9;229;13,9;104;13,9;34;13,9;39;13,9;8;13,9;16
14;34;14;8;14;8;14;73;14;86;14;220;14;209;14;104;14;28;14;35;14;21;14;21
14,1;36;14,1;9;14,1;7;14,1;80;14,1;81;14,1;209;14,1;224;14,1;99;14,1;41;14,1;38;14,1;7;14,1;9
14,2;35;14,2;10;14,2;12;14,2;76;14,2;73;14,2;187;14,2;208;14,2;87;14,2;23;14,2;27;14,2;16;14,2;10
14,2;32;14,2;11;14,2;6;14,2;80;14,2;97;14,2;162;14,2;213;14,2;90;14,2;28;14,2;26;14,2;8;14,2;6
14,3;29;14,3;13;14,3;13;14,3;88;14,3;93;14,3;174;14,3;236;14,3;106;14,3;28;14,3;19;14,3;13;14,3;10
14,4;34;14,4;11;14,4;10;14,4;115;14,4;74;14,4;147;14,4;236;14,4;99;14,4;27;14,4;24;14,4;11;14,4;9
14,5;43;14,5;11;14,5;12;14,5;96;14,5;86;14,5;126;14,5;237;14,5;81;14,5;29;14,5;32;14,5;12;14,5;14
14,6;40;14,6;12;14,6;13;14,6;106;14,6;88;14,6;125;14,6;264;14,6;94;14,6;26;14,6;22;14,6;15;14,6;7
14,7;31;14,7;14;14,7;12;14,7;92;14,7;102;14,7;140;14,7;260;14,7;88;14,7;30;14,7;38;14,7;12;14,7;2
14,8;36;14,8;10;14,8;15;14,8;95;14,8;77;14,8;95;14,8;283;14,8;95;14,8;33;14,8;19;14,8;9;14,8;14
14,8;36;14,8;12;14,8;8;14,8;91;14,8;81;14,8;102;14,8;426;14,8;76;14,8;31;14,8;24;14,8;14;14,8;10
14,9;38;14,9;10;14,9;17;14,9;79;14,9;99;14,9;111;14,9;560;14,9;99;14,9;48;14,9;19;14,9;20;14,9;10
15;39;15;12;15;8;15;70;15;102;15;102;15;868;15;95;15;49;15;28;15;12;15;17
15,1;23;15,1;9;15,1;12;15,1;55;15,1;106;15,1;96;15,1;1595;15,1;98;15,1;29;15,1;25;15,1;13;15,1;15
15,2;30;15,2;14;15,2;12;15,2;49;15,2;85;15,2;86;15,2;2917;15,2;95;15,2;39;15,2;29;15,2;12;15,2;5
15,3;21;15,3;22;15,3;15;15,3;42;15,3;103;15,3;87;15,3;4491;15,3;83;15,3;33;15,3;19;15,3;17;15,3;9
15,4;19;15,4;13;15,4;17;15,4;42;15,4;116;15,4;88;15,4;6807;15,4;99;15,4;38;15,4;20;15,4;14;15,4;12
15,4;20;15,4;10;15,4;14;15,4;42;15,4;137;15,4;103;15,4;8652;15,4;125;15,4;32;15,4;14;15,4;15;15,4;9
15,5;20;15,5;12;15,5;7;15,5;37;15,5;117;15,5;84;15,5;9604;15,5;115;15,5;37;15,5;17;15,5;8;15,5;6
15,6;13;15,6;23;15,6;9;15,6;32;15,6;128;15,6;86;15,6;10054;15,6;126;15,6;32;15,6;10;15,6;11;15,6;8
15,7;16;15,7;15;15,7;6;15,7;21;15,7;138;15,7;100;15,7;9829;15,7;126;15,7;24;15,7;16;15,7;12;15,7;18
15,8;21;15,8;18;15,8;13;15,8;25;15,8;118;15,8;99;15,8;8477;15,8;145;15,8;29;15,8;14;15,8;13;15,8;12
15,9;19;15,9;15;15,9;11;15,9;27;15,9;107;15,9;109;15,9;6816;15,9;135;15,9;30;15,9;9;15,9;13;15,9;18
16;18;16;21;16;12;16;17;16;97;16;104;16;5026;16;143;16;46;16;9;16;16;16;11
16;26;16;21;16;18;16;18;16;80;16;98;16;3590;16;149;16;28;16;11;16;18;16;8
16,1;17;16,1;19;16,1;11;16,1;18;16,1;64;16,1;102;16,1;2267;16,1;168;16,1;37;16,1;12;16,1;19;16,1;14
16,2;16;16,2;19;16,2;9;16,2;18;16,2;56;16,2;99;16,2;1375;16,2;168;16,2;43;16,2;11;16,2;19;16,2;19
16,3;16;16,3;24;16,3;13;16,3;14;16,3;58;16,3;125;16,3;729;16,3;195;16,3;36;16,3;15;16,3;20;16,3;14
16,4;20;16,4;18;16,4;22;16,4;22;16,4;52;16,4;107;16,4;437;16,4;215;16,4;39;16,4;18;16,4;28;16,4;15
16,5;25;16,5;32;16,5;21;16,5;16;16,5;49;16,5;113;16,5;324;16,5;256;16,5;36;16,5;22;16,5;33;16,5;17
16,6;26;16,6;23;16,6;23;16,6;25;16,6;40;16,6;116;16,6;295;16,6;281;16,6;36;16,6;19;16,6;35;16,6;17
16,7;21;16,7;41;16,7;22;16,7;25;16,7;58;16,7;151;16,7;247;16,7;454;16,7;43;16,7;11;16,7;50;16,7;16
16,7;22;16,7;37;16,7;19;16,7;21;16,7;53;16,7;143;16,7;266;16,7;732;16,7;44;16,7;17;16,7;50;16,7;26
16,8;34;16,8;34;16,8;41;16,8;25;16,8;41;16,8;149;16,8;284;16,8;1361;16,8;45;16,8;11;16,8;48;16,8;30
16,9;30;16,9;48;16,9;31;16,9;33;16,9;44;16,9;147;16,9;305;16,9;1990;16,9;48;16,9;25;16,9;42;16,9;39
17;45;17;46;17;32;17;34;17;33;17;116;17;414;17;2912;17;84;17;23;17;36;17;29
17,1;42;17,1;45;17,1;43;17,1;31;17,1;45;17,1;125;17,1;674;17,1;4499;17,1;82;17,1;22;17,1;45;17,1;32
17,2;51;17,2;80;17,2;52;17,2;36;17,2;41;17,2;109;17,2;929;17,2;5506;17,2;120;17,2;29;17,2;57;17,2;67
17,3;47;17,3;71;17,3;55;17,3;33;17,3;37;17,3;88;17,3;1307;17,3;5891;17,3;135;17,3;30;17,3;49;17,3;33
17,3;37;17,3;63;17,3;36;17,3;36;17,3;23;17,3;76;17,3;1370;17,3;5825;17,3;122;17,3;28;17,3;43;17,3;46
17,4;28;17,4;57;17,4;34;17,4;25;17,4;37;17,4;65;17,4;1530;17,4;5266;17,4;122;17,4;23;17,4;49;17,4;40
17,5;21;17,5;59;17,5;31;17,5;21;17,5;25;17,5;56;17,5;1614;17,5;4337;17,5;106;17,5;22;17,5;30;17,5;36
17,6;20;17,6;48;17,6;22;17,6;25;17,6;23;17,6;54;17,6;1415;17,6;3315;17,6;90;17,6;17;17,6;33;17,6;35
17,7;14;17,7;29;17,7;17;17,7;13;17,7;22;17,7;65;17,7;1221;17,7;2338;17,7;68;17,7;6;17,7;34;17,7;34
17,8;5;17,8;19;17,8;22;17,8;13;17,8;16;17,8;34;17,8;946;17,8;1466;17,8;62;17,8;11;17,8;11;17,8;21
17,9;19;17,9;20;17,9;13;17,9;13;17,9;16;17,9;39;17,9;671;17,9;888;17,9;49;17,9;13;17,9;20;17,9;11
17,9;9;17,9;18;17,9;14;17,9;13;17,9;17;17,9;34;17,9;512;17,9;516;17,9;39;17,9;12;17,9;13;17,9;12
18;4;18;13;18;9;18;11;18;10;18;35;18;289;18;282;18;38;18;4;18;20;18;12
18,1;14;18,1;17;18,1;12;18,1;15;18,1;10;18,1;33;18,1;196;18,1;161;18,1;36;18,1;7;18,1;10;18,1;15
18,2;9;18,2;22;18,2;8;18,2;11;18,2;11;18,2;25;18,2;143;18,2;90;18,2;36;18,2;15;18,2;14;18,2;13
18,3;10;18,3;13;18,3;6;18,3;13;18,3;13;18,3;19;18,3;77;18,3;82;18,3;33;18,3;4;18,3;14;18,3;7
18,4;14;18,4;7;18,4;10;18,4;11;18,4;17;18,4;17;18,4;49;18,4;78;18,4;44;18,4;11;18,4;21;18,4;12
18,5;11;18,5;20;18,5;8;18,5;12;18,5;13;18,5;15;18,5;38;18,5;78;18,5;30;18,5;8;18,5;20;18,5;13
18,5;14;18,5;16;18,5;12;18,5;14;18,5;18;18,5;10;18,5;41;18,5;68;18,5;45;18,5;11;18,5;22;18,5;12
18,6;11;18,6;12;18,6;14;18,6;8;18,6;20;18,6;19;18,6;35;18,6;76;18,6;26;18,6;11;18,6;21;18,6;13
18,7;8;18,7;17;18,7;10;18,7;11;18,7;15;18,7;14;18,7;30;18,7;113;18,7;38;18,7;7;18,7;18;18,7;8
18,8;5;18,8;15;18,8;13;18,8;14;18,8;14;18,8;17;18,8;25;18,8;142;18,8;36;18,8;7;18,8;19;18,8;7
18,9;12;18,9;23;18,9;7;18,9;13;18,9;14;18,9;10;18,9;29;18,9;213;18,9;50;18,9;7;18,9;18;18,9;8
19;11;19;23;19;9;19;14;19;8;19;11;19;28;19;361;19;50;19;11;19;19;19;10
19,1;12;19,1;11;19,1;9;19,1;7;19,1;15;19,1;9;19,1;25;19,1;469;19,1;32;19,1;17;19,1;15;19,1;12
19,2;14;19,2;22;19,2;9;19,2;16;19,2;12;19,2;10;19,2;22;19,2;670;19,2;38;19,2;8;19,2;23;19,2;5
19,2;14;19,2;18;19,2;22;19,2;6;19,2;13;19,2;8;19,2;22;19,2;754;19,2;50;19,2;9;19,2;26;19,2;5
19,3;10;19,3;14;19,3;14;19,3;16;19,3;20;19,3;20;19,3;19;19,3;843;19,3;40;19,3;14;19,3;26;19,3;13
19,4;12;19,4;12;19,4;10;19,4;12;19,4;13;19,4;9;19,4;18;19,4;801;19,4;50;19,4;14;19,4;16;19,4;13
19,5;7;19,5;17;19,5;14;19,5;14;19,5;11;19,5;17;19,5;18;19,5;781;19,5;48;19,5;10;19,5;13;19,5;12
19,6;6;19,6;16;19,6;7;19,6;11;19,6;13;19,6;7;19,6;27;19,6;672;19,6;50;19,6;9;19,6;23;19,6;5
19,7;7;19,7;20;19,7;5;19,7;2;19,7;14;19,7;6;19,7;38;19,7;547;19,7;43;19,7;7;19,7;21;19,7;8
19,8;8;19,8;14;19,8;11;19,8;11;19,8;12;19,8;16;19,8;26;19,8;407;19,8;37;19,8;9;19,8;14;19,8;12
19,8;7;19,8;12;19,8;10;19,8;9;19,8;14;19,8;9;19,8;25;19,8;287;19,8;25;19,8;7;19,8;6;19,8;6
19,9;11;19,9;5;19,9;4;19,9;8;19,9;9;19,9;18;19,9;14;19,9;188;19,9;39;19,9;9;19,9;14;19,9;7
20;5;20;12;20;5;20;14;20;10;20;13;20;15;20;128;20;20;20;3;20;12;20;11
20,1;5;20,1;9;20,1;8;20,1;9;20,1;13;20,1;18;20,1;19;20,1;67;20,1;36;20,1;6;20,1;9;20,1;8
20,2;6;20,2;19;20,2;12;20,2;5;20,2;5;20,2;10;20,2;17;20,2;40;20,2;34;20,2;6;20,2;21;20,2;10
20,3;10;20,3;6;20,3;9;20,3;7;20,3;6;20,3;10;20,3;20;20,3;28;20,3;42;20,3;9;20,3;13;20,3;5
20,4;9;20,4;8;20,4;7;20,4;5;20,4;6;20,4;9;20,4;21;20,4;22;20,4;33;20,4;5;20,4;5;20,4;12
20,4;7;20,4;10;20,4;9;20,4;8;20,4;9;20,4;8;20,4;15;20,4;14;20,4;36;20,4;5;20,4;13;20,4;12
20,5;7;20,5;10;20,5;13;20,5;8;20,5;9;20,5;11;20,5;17;20,5;14;20,5;33;20,5;3;20,5;9;20,5;8
20,6;5;20,6;10;20,6;4;20,6;6;20,6;9;20,6;10;20,6;15;20,6;9;20,6;40;20,6;4;20,6;9;20,6;7
20,7;10;20,7;9;20,7;3;20,7;8;20,7;4;20,7;9;20,7;25;20,7;6;20,7;36;20,7;10;20,7;8;20,7;7
20,8;12;20,8;4;20,8;13;20,8;2;20,8;5;20,8;6;20,8;10;20,8;10;20,8;39;20,8;7;20,8;7;20,8;4
20,9;4;20,9;12;20,9;4;20,9;5;20,9;6;20,9;9;20,9;19;20,9;9;20,9;28;20,9;4;20,9;13;20,9;6
21;7;21;11;21;8;21;9;21;13;21;10;21;15;21;6;21;61;21;6;21;10;21;8
21;6;21;3;21;15;21;4;21;9;21;9;21;16;21;2;21;63;21;6;21;9;21;4
21,1;2;21,1;7;21,1;7;21,1;4;21,1;10;21,1;6;21,1;14;21,1;5;21,1;101;21,1;2;21,1;6;21,1;8
21,2;6;21,2;11;21,2;6;21,2;7;21,2;5;21,2;11;21,2;24;21,2;7;21,2;169;21,2;1;21,2;12;21,2;5
21,3;17;21,3;6;21,3;8;21,3;7;21,3;9;21,3;6;21,3;21;21,3;5;21,3;347;21,3;5;21,3;13;21,3;8
21,4;5;21,4;9;21,4;11;21,4;3;21,4;7;21,4;8;21,4;16;21,4;7;21,4;529;21,4;5;21,4;6;21,4;5
21,5;6;21,5;10;21,5;9;21,5;9;21,5;9;21,5;10;21,5;14;21,5;6;21,5;743;21,5;6;21,5;6;21,5;7
21,6;8;21,6;12;21,6;8;21,6;10;21,6;7;21,6;12;21,6;16;21,6;7;21,6;928;21,6;7;21,6;9;21,6;7
21,6;6;21,6;7;21,6;4;21,6;5;21,6;4;21,6;7;21,6;14;21,6;7;21,6;1066;21,6;8;21,6;12;21,6;9
21,7;7;21,7;9;21,7;9;21,7;9;21,7;5;21,7;9;21,7;8;21,7;5;21,7;1081;21,7;7;21,7;8;21,7;7
21,8;7;21,8;15;21,8;5;21,8;7;21,8;9;21,8;4;21,8;14;21,8;8;21,8;1060;21,8;3;21,8;11;21,8;12
21,9;4;21,9;7;21,9;5;21,9;3;21,9;5;21,9;4;21,9;11;21,9;8;21,9;883;21,9;6;21,9;15;21,9;6
22;6;22;13;22;10;22;4;22;3;22;10;22;20;22;7;22;744;22;2;22;11;22;4
22,1;4;22,1;11;22,1;7;22,1;6;22,1;6;22,1;8;22,1;22;22,1;7;22,1;543;22,1;7;22,1;5;22,1;7
22,2;3;22,2;9;22,2;11;22,2;11;22,2;5;22,2;8;22,2;11;22,2;4;22,2;352;22,2;4;22,2;6;22,2;3
22,3;5;22,3;7;22,3;6;22,3;4;22,3;2;22,3;5;22,3;17;22,3;1;22,3;204;22,3;5;22,3;6;22,3;9
22,3;2;22,3;6;22,3;7;22,3;5;22,3;3;22,3;9;22,3;15;22,3;9;22,3;116;22,3;4;22,3;8;22,3;4
22,4;5;22,4;6;22,4;1;22,4;3;22,4;3;22,4;3;22,4;16;22,4;3;22,4;77;22,4;6;22,4;7;22,4;5
22,5;2;22,5;4;22,5;5;22,5;6;22,5;4;22,5;8;22,5;21;22,5;5;22,5;31;22,5;6;22,5;7;22,5;6
22,6;8;22,6;6;22,6;4;22,6;5;22,6;2;22,6;5;22,6;20;22,6;4;22,6;26;22,6;6;22,6;8;22,6;8
22,7;2;22,7;9;22,7;8;22,7;2;22,7;4;22,7;6;22,7;31;22,7;7;22,7;15;22,7;6;22,7;7;22,7;4
22,8;4;22,8;7;22,8;6;22,8;1;22,8;1;22,8;2;22,8;24;22,8;8;22,8;16;22,8;4;22,8;3;22,8;2
22,9;4;22,9;3;22,9;5;22,9;4;22,9;7;22,9;5;22,9;29;22,9;7;22,9;13;22,9;3;22,9;3;22,9;2
22,9;3;22,9;5;22,9;2;22,9;3;22,9;4;22,9;7;22,9;46;22,9;1;22,9;16;22,9;4;22,9;6;22,9;3
23;6;23;6;23;5;23;7;23;4;23;4;23;52;23;11;23;10;23;3;23;4;23;9
23,1;2;23,1;6;23,1;2;23,1;2;23,1;6;23,1;5;23,1;38;23,1;2;23,1;14;23,1;3;23,1;5;23,1;5
23,2;6;23,2;5;23,2;5;23,2;4;23,2;6;23,2;4;23,2;38;23,2;8;23,2;7;23,2;7;23,2;7;23,2;2
23,3;4;23,3;2;23,3;2;23,3;4;23,3;7;23,3;5;23,3;36;23,3;8;23,3;17;23,3;2;23,3;7;23,3;6
23,4;5;23,4;6;23,4;3;23,4;3;23,4;4;23,4;4;23,4;36;23,4;7;23,4;14;23,4;7;23,4;6;23,4;6
23,5;4;23,5;4;23,5;4;23,5;4;23,5;3;23,5;4;23,5;42;23,5;2;23,5;9;23,5;3;23,5;4;23,5;5
23,5;5;23,5;6;23,5;3;23,5;2;23,5;3;23,5;5;23,5;39;23,5;6;23,5;15;23,5;3;23,5;10;23,5;4
23,6;3;23,6;7;23,6;2;23,6;3;23,6;6;23,6;4;23,6;40;23,6;10;23,6;11;23,6;2;23,6;8;23,6;4
23,7;3;23,7;7;23,7;3;23,7;2;23,7;6;23,7;2;23,7;46;23,7;4;23,7;17;23,7;4;23,7;7;23,7;4
23,8;7;23,8;6;23,8;5;23,8;5;23,8;3;23,8;4;23,8;47;23,8;4;23,8;21;23,8;4;23,8;7;23,8;4
23,9;9;23,9;6;23,9;3;23,9;5;23,9;3;23,9;1;23,9;41;23,9;4;23,9;40;23,9;5;23,9;4;23,9;1
24;7;24;9;24;5;24;1;24;3;24;3;24;38;24;2;24;74;24;4;24;1;24;5
24,1;3;24,1;1;24,1;5;24,1;3;24,1;7;24,1;2;24,1;32;24,1;5;24,1;90;24,1;3;24,1;7;24,1;3
24,1;4;24,1;7;24,1;4;24,1;4;24,1;4;24,1;2;24,1;32;24,1;2;24,1;127;24,1;4;24,1;9;24,1;0
24,2;5;24,2;2;24,2;5;24,2;3;24,2;1;24,2;3;24,2;30;24,2;4;24,2;154;24,2;4;24,2;4;24,2;2
24,3;1;24,3;5;24,3;5;24,3;1;24,3;4;24,3;6;24,3;23;24,3;3;24,3;136;24,3;3;24,3;9;24,3;3
24,4;5;24,4;5;24,4;7;24,4;8;24,4;6;24,4;9;24,4;32;24,4;8;24,4;141;24,4;2;24,4;8;24,4;1
24,5;3;24,5;3;24,5;3;24,5;5;24,5;3;24,5;2;24,5;20;24,5;6;24,5;140;24,5;2;24,5;8;24,5;3
24,6;1;24,6;3;24,6;5;24,6;1;24,6;3;24,6;3;24,6;24;24,6;2;24,6;124;24,6;4;24,6;6;24,6;7
24,7;6;24,7;3;24,7;3;24,7;2;24,7;4;24,7;4;24,7;27;24,7;4;24,7;104;24,7;4;24,7;7;24,7;3
24,8;3;24,8;2;24,8;3;24,8;2;24,8;4;24,8;4;24,8;25;24,8;3;24,8;83;24,8;1;24,8;8;24,8;3
24,8;2;24,8;5;24,8;3;24,8;3;24,8;3;24,8;3;24,8;22;24,8;5;24,8;44;24,8;3;24,8;6;24,8;0
24,9;2;24,9;3;24,9;3;24,9;2;24,9;4;24,9;0;24,9;22;24,9;8;24,9;40;24,9;2;24,9;3;24,9;4
25;1;25;5;25;4;25;3;25;0;25;4;25;30;25;9;25;28;25;1;25;4;25;5
25,1;1;25,1;1;25,1;1;25,1;5;25,1;3;25,1;2;25,1;18;25,1;11;25,1;15;25,1;2;25,1;5;25,1;2
25,2;1;25,2;5;25,2;4;25,2;1;25,2;4;25,2;4;25,2;23;25,2;7;25,2;11;25,2;0;25,2;1;25,2;4
25,3;2;25,3;5;25,3;1;25,3;3;25,3;1;25,3;0;25,3;18;25,3;4;25,3;7;25,3;3;25,3;2;25,3;3
25,4;1;25,4;4;25,4;1;25,4;6;25,4;4;25,4;4;25,4;16;25,4;13;25,4;4;25,4;3;25,4;4;25,4;4
25,4;1;25,4;1;25,4;2;25,4;1;25,4;2;25,4;3;25,4;12;25,4;13;25,4;1;25,4;2;25,4;5;25,4;1
25,5;3;25,5;3;25,5;3;25,5;1;25,5;1;25,5;2;25,5;24;25,5;9;25,5;3;25,5;4;25,5;3;25,5;4
25,6;1;25,6;4;25,6;2;25,6;0;25,6;1;25,6;4;25,6;20;25,6;16;25,6;1;25,6;3;25,6;2;25,6;3
25,7;2;25,7;4;25,7;3;25,7;3;25,7;3;25,7;1;25,7;18;25,7;18;25,7;0;25,7;0;25,7;3;25,7;1
25,8;3;25,8;3;25,8;1;25,8;0;25,8;3;25,8;3;25,8;15;25,8;11;25,8;1;25,8;2;25,8;4;25,8;1
25,9;1;25,9;2;25,9;2;25,9;1;25,9;1;25,9;1;25,9;11;25,9;14;25,9;0;25,9;0;25,9;4;25,9;2
26;1;26;2;26;2;26;2;26;1;26;2;26;14;26;11;26;2;26;3;26;0;26;0
26;1;26;4;26;1;26;0;26;1;26;2;26;12;26;9;26;0;26;3;26;2;26;3
26,1;0;26,1;1;26,1;2;26,1;2;26,1;2;26,1;2;26,1;9;26,1;17;26,1;0;26,1;2;26,1;2;26,1;5
26,2;1;26,2;3;26,2;1;26,2;1;26,2;0;26,2;0;26,2;11;26,2;13;26,2;0;26,2;4;26,2;5;26,2;3
26,3;1;26,3;4;26,3;2;26,3;2;26,3;2;26,3;4;26,3;8;26,3;14;26,3;0;26,3;1;26,3;1;26,3;1
26,4;1;26,4;1;26,4;3;26,4;2;26,4;2;26,4;1;26,4;11;26,4;16;26,4;1;26,4;2;26,4;1;26,4;3
26,5;2;26,5;6;26,5;1;26,5;2;26,5;0;26,5;2;26,5;13;26,5;7;26,5;0;26,5;0;26,5;1;26,5;0
26,6;0;26,6;2;26,6;0;26,6;1;26,6;0;26,6;2;26,6;6;26,6;5;26,6;1;26,6;0;26,6;1;26,6;0
26,6;0;26,6;3;26,6;3;26,6;1;26,6;0;26,6;3;26,6;10;26,6;6;26,6;1;26,6;0;26,6;2;26,6;0
26,7;4;26,7;2;26,7;0;26,7;3;26,7;0;26,7;1;26,7;5;26,7;7;26,7;2;26,7;0;26,7;4;26,7;4
26,8;1;26,8;1;26,8;0;26,8;3;26,8;3;26,8;0;26,8;6;26,8;11;26,8;0;26,8;0;26,8;1;26,8;2
26,9;1;26,9;1;26,9;0;26,9;1;26,9;1;26,9;0;26,9;10;26,9;3;26,9;1;26,9;1;26,9;0;26,9;2
27;1;27;1;27;1;27;1;27;2;27;0;27;5;27;8;27;3;27;0;27;0;27;1
27,1;1;27,1;0;27,1;0;27,1;2;27,1;1;27,1;4;27,1;1;27,1;8;27,1;0;27,1;1;27,1;0;27,1;2
27,2;2;27,2;1;27,2;1;27,2;0;27,2;0;27,2;0;27,2;7;27,2;4;27,2;0;27,2;1;27,2;3;27,2;2
27,2;0;27,2;1;27,2;1;27,2;0;27,2;1;27,2;2;27,2;4;27,2;9;27,2;2;27,2;0;27,2;1;27,2;3
27,3;1;27,3;0;27,3;2;27,3;1;27,3;2;27,3;0;27,3;9;27,3;5;27,3;0;27,3;1;27,3;3;27,3;2
27,4;2;27,4;0;27,4;1;27,4;0;27,4;0;27,4;0;27,4;2;27,4;5;27,4;0;27,4;0;27,4;3;27,4;1
27,5;0;27,5;0;27,5;1;27,5;0;27,5;0;27,5;2;27,5;1;27,5;4;27,5;0;27,5;0;27,5;2;27,5;2
27,6;1;27,6;2;27,6;1;27,6;3;27,6;1;27,6;2;27,6;8;27,6;5;27,6;0;27,6;0;27,6;2;27,6;0
27,7;0;27,7;0;27,7;2;27,7;0;27,7;0;27,7;0;27,7;8;27,7;4;27,7;1;27,7;1;27,7;1;27,7;0
27,8;0;27,8;0;27,8;2;27,8;0;27,8;3;27,8;0;27,8;17;27,8;4;27,8;0;27,8;1;27,8;2;27,8;0
27,9;1;27,9;0;27,9;2;27,9;1;27,9;0;27,9;1;27,9;5;27,9;4;27,9;0;27,9;0;27,9;2;27,9;0
27,9;0;27,9;0;27,9;2;27,9;0;27,9;1;27,9;0;27,9;9;27,9;3;27,9;0;27,9;0;27,9;0;27,9;1
28;1;28;0;28;0;28;0;28;0;28;0;28;7;28;3;28;0;28;1;28;0;28;0
28,1;1;28,1;0;28,1;1;28,1;0;28,1;1;28,1;1;28,1;7;28,1;4;28,1;1;28,1;1;28,1;0;28,1;1
28,2;0;28,2;0;28,2;0;28,2;1;28,2;0;28,2;1;28,2;15;28,2;6;28,2;1;28,2;0;28,2;1;28,2;1
28,3;0;28,3;0;28,3;0;28,3;0;28,3;0;28,3;1;28,3;10;28,3;7;28,3;0;28,3;1;28,3;0;28,3;0
28,4;0;28,4;1;28,4;0;28,4;1;28,4;2;28,4;1;28,4;7;28,4;2;28,4;2;28,4;0;28,4;0;28,4;0
28,5;1;28,5;1;28,5;2;28,5;1;28,5;0;28,5;0;28,5;11;28,5;3;28,5;1;28,5;0;28,5;0;28,5;0
28,5;0;28,5;0;28,5;0;28,5;2;28,5;0;28,5;0;28,5;7;28,5;2;28,5;1;28,5;0;28,5;0;28,5;1
28,6;1;28,6;0;28,6;0;28,6;1;28,6;0;28,6;0;28,6;3;28,6;2;28,6;0;28,6;0;28,6;0;28,6;1
28,7;1;28,7;1;28,7;1;28,7;0;28,7;0;28,7;2;28,7;9;28,7;1;28,7;0;28,7;0;28,7;0;28,7;1
28,8;0;28,8;2;28,8;0;28,8;0;28,8;0;28,8;0;28,8;6;28,8;4;28,8;0;28,8;0;28,8;0;28,8;1
28,9;1;28,9;1;28,9;1;28,9;0;28,9;0;28,9;1;28,9;12;28,9;7;28,9;0;28,9;0;28,9;0;28,9;0
29;0;29;0;29;0;29;0;29;0;29;0;29;6;29;3;29;0;29;0;29;1;29;0
29,1;1;29,1;0;29,1;0;29,1;1;29,1;0;29,1;0;29,1;12;29,1;5;29,1;0;29,1;0;29,1;0;29,1;0
29,1;0;29,1;0;29,1;0;29,1;0;29,1;0;29,1;0;29,1;7;29,1;6;29,1;0;29,1;0;29,1;0;29,1;1
29,2;1;29,2;0;29,2;0;29,2;0;29,2;0;29,2;0;29,2;6;29,2;2;29,2;0;29,2;0;29,2;0;29,2;0
29,3;0;29,3;0;29,3;0;29,3;0;29,3;1;29,3;0;29,3;10;29,3;2;29,3;0;29,3;0;29,3;0;29,3;0
29,4;0;29,4;0;29,4;0;29,4;3;29,4;0;29,4;1;29,4;10;29,4;2;29,4;1;29,4;0;29,4;0;29,4;0
29,5;0;29,5;0;29,5;0;29,5;0;29,5;1;29,5;0;29,5;8;29,5;3;29,5;0;29,5;0;29,5;0;29,5;0
29,6;0;29,6;0;29,6;0;29,6;1;29,6;0;29,6;0;29,6;10;29,6;2;29,6;0;29,6;0;29,6;0;29,6;0
29,7;0;29,7;0;29,7;0;29,7;0;29,7;0;29,7;0;29,7;14;29,7;3;29,7;0;29,7;0;29,7;0;29,7;0
29,7;0;29,7;0;29,7;1;29,7;1;29,7;1;29,7;0;29,7;21;29,7;0;29,7;0;29,7;0;29,7;0;29,7;0
29,8;0;29,8;1;29,8;0;29,8;0;29,8;0;29,8;0;29,8;9;29,8;1;29,8;1;29,8;0;29,8;0;29,8;0
29,9;1;29,9;0;29,9;0;29,9;0;29,9;0;29,9;0;29,9;17;29,9;2;29,9;0;29,9;0;29,9;0;29,9;0
30;1;30;0;30;0;30;0;30;0;30;1;30;14;30;3;30;0;30;0;30;1;30;0
30,1;0;30,1;0;30,1;0;30,1;0;30,1;0;30,1;0;30,1;8;30,1;3;30,1;0;30,1;0;30,1;0;30,1;0
30,2;0;30,2;0;30,2;0;30,2;0;30,2;0;30,2;0;30,2;9;30,2;1;30,2;0;30,2;0;30,2;0;30,2;0
30,3;0;30,3;0;30,3;0;30,3;0;30,3;0;30,3;0;30,3;12;30,3;2;30,3;1;30,3;0;30,3;0;30,3;0
30,4;0;30,4;0;30,4;0;30,4;0;30,4;0;30,4;0;30,4;10;30,4;1;30,4;0;30,4;0;30,4;0;30,4;0
30,4;0;30,4;0;30,4;0;30,4;0;30,4;0;30,4;1;30,4;7;30,4;4;30,4;1;30,4;0;30,4;0;30,4;0
30,5;0;30,5;0;30,5;0;30,5;0;30,5;1;30,5;2;30,5;7;30,5;1;30,5;0;30,5;0;30,5;0;30,5;1
30,6;0;30,6;0;30,6;0;30,6;0;30,6;0;30,6;0;30,6;3;30,6;0;30,6;1;30,6;0;30,6;1;30,6;0
30,7;0;30,7;0;30,7;0;30,7;0;30,7;0;30,7;0;30,7;2;30,7;1;30,7;1;30,7;0;30,7;0;30,7;0
30,8;0;30,8;0;30,8;0;30,8;0;30,8;0;30,8;0;30,8;0;30,8;1;30,8;0;30,8;0;30,8;0;30,8;1
30,9;0;30,9;0;30,9;0;30,9;0;30,9;0;30,9;0;30,9;1;30,9;1;30,9;0;30,9;0;30,9;0;30,9;0
31;0;31;0;31;0;31;0;31;0;31;0;31;1;31;0;31;0;31;0;31;0;31;0
31;0;31;0;31;0;31;0;31;1;31;0;31;5;31;3;31;1;31;0;31;0;31;0
31,1;0;31,1;0;31,1;0;31,1;0;31,1;0;31,1;0;31,1;4;31,1;2;31,1;0;31,1;0;31,1;0;31,1;0
31,2;0;31,2;0;31,2;0;31,2;0;31,2;0;31,2;0;31,2;3;31,2;1;31,2;0;31,2;0;31,2;0;31,2;0
31,3;0;31,3;0;31,3;0;31,3;0;31,3;0;31,3;0;31,3;4;31,3;5;31,3;0;31,3;0;31,3;0;31,3;0
31,4;0;31,4;0;31,4;0;31,4;0;31,4;0;31,4;0;31,4;2;31,4;5;31,4;0;31,4;0;31,4;1;31,4;0
31,5;0;31,5;0;31,5;0;31,5;0;31,5;0;31,5;1;31,5;4;31,5;1;31,5;1;31,5;0;31,5;0;31,5;0
31,6;1;31,6;0;31,6;0;31,6;0;31,6;0;31,6;0;31,6;1;31,6;2;31,6;0;31,6;0;31,6;0;31,6;0
31,6;0;31,6;0;31,6;0;31,6;0;31,6;1;31,6;0;31,6;1;31,6;1;31,6;0;31,6;0;31,6;0;31,6;0
31,7;0;31,7;0;31,7;0;31,7;0;31,7;0;31,7;0;31,7;5;31,7;2;31,7;0;31,7;0;31,7;0;31,7;0
31,8;0;31,8;0;31,8;0;31,8;0;31,8;0;31,8;1;31,8;6;31,8;2;31,8;0;31,8;0;31,8;0;31,8;0
31,9;0;31,9;0;31,9;0;31,9;0;31,9;1;31,9;1;31,9;1;31,9;4;31,9;0;31,9;0;31,9;0;31,9;0
32;0;32;0;32;0;32;0;32;0;32;0;32;0;32;3;32;0;32;0;32;0;32;0
32,1;0;32,1;0;32,1;0;32,1;0;32,1;0;32,1;0;32,1;1;32,1;1;32,1;0;32,1;0;32,1;0;32,1;0
32,2;0;32,2;0;32,2;0;32,2;0;32,2;0;32,2;0;32,2;1;32,2;6;32,2;0;32,2;0;32,2;0;32,2;0
32,2;0;32,2;0;32,2;0;32,2;0;32,2;0;32,2;0;32,2;4;32,2;1;32,2;1;32,2;0;32,2;0;32,2;0
32,3;0;32,3;0;32,3;0;32,3;0;32,3;0;32,3;0;32,3;0;32,3;0;32,3;1;32,3;0;32,3;0;32,3;0
32,4;0;32,4;0;32,4;0;32,4;0;32,4;0;32,4;0;32,4;1;32,4;1;32,4;1;32,4;0;32,4;0;32,4;0
32,5;0;32,5;0;32,5;0;32,5;0;32,5;0;32,5;0;32,5;0;32,5;0;32,5;0;32,5;0;32,5;0;32,5;0
32,6;0;32,6;0;32,6;0;32,6;0;32,6;0;32,6;0;32,6;0;32,6;4;32,6;0;32,6;0;32,6;0;32,6;0
32,7;0;32,7;0;32,7;0;32,7;1;32,7;0;32,7;0;32,7;0;32,7;2;32,7;0;32,7;1;32,7;0;32,7;0
32,8;0;32,8;0;32,8;0;32,8;0;32,8;0;32,8;0;32,8;0;32,8;3;32,8;0;32,8;0;32,8;0;32,8;0
32,8;0;32,8;0;32,8;0;32,8;0;32,8;0;32,8;0;32,8;0;32,8;1;32,8;1;32,8;0;32,8;0;32,8;0
32,9;0;32,9;0;32,9;0;32,9;0;32,9;0;32,9;0;32,9;0;32,9;1;32,9;0;32,9;0;32,9;0;32,9;0
33;0;33;0;33;0;33;0;33;0;33;0;33;0;33;8;33;1;33;0;33;0;33;0
33,1;0;33,1;0;33,1;0;33,1;0;33,1;1;33,1;0;33,1;1;33,1;2;33,1;0;33,1;0;33,1;0;33,1;0
33,2;0;33,2;0;33,2;0;33,2;0;33,2;0;33,2;0;33,2;0;33,2;3;33,2;0;33,2;0;33,2;0;33,2;0
33,3;0;33,3;0;33,3;0;33,3;0;33,3;0;33,3;0;33,3;1;33,3;1;33,3;1;33,3;0;33,3;0;33,3;0
33,4;0;33,4;0;33,4;1;33,4;0;33,4;0;33,4;0;33,4;0;33,4;2;33,4;1;33,4;0;33,4;0;33,4;0
33,5;0;33,5;0;33,5;0;33,5;0;33,5;0;33,5;0;33,5;3;33,5;1;33,5;0;33,5;0;33,5;0;33,5;0
33,5;0;33,5;0;33,5;0;33,5;0;33,5;0;33,5;0;33,5;0;33,5;1;33,5;1;33,5;0;33,5;0;33,5;0
33,6;0;33,6;0;33,6;0;33,6;0;33,6;0;33,6;0;33,6;1;33,6;1;33,6;0;33,6;0;33,6;0;33,6;0
33,7;0;33,7;0;33,7;0;33,7;0;33,7;0;33,7;0;33,7;1;33,7;2;33,7;0;33,7;0;33,7;0;33,7;0
33,8;0;33,8;0;33,8;0;33,8;0;33,8;0;33,8;0;33,8;1;33,8;0;33,8;0;33,8;0;33,8;0;33,8;0
33,9;0;33,9;0;33,9;0;33,9;0;33,9;0;33,9;0;33,9;0;33,9;0;33,9;2;33,9;0;33,9;0;33,9;0
34;0;34;0;34;0;34;0;34;0;34;0;34;1;34;1;34;1;34;0;34;0;34;0
34,1;0;34,1;0;34,1;0;34,1;0;34,1;0;34,1;0;34,1;0;34,1;1;34,1;0;34,1;0;34,1;0;34,1;0
34,1;0;34,1;0;34,1;0;34,1;0;34,1;0;34,1;0;34,1;0;34,1;0;34,1;0;34,1;0;34,1;0;34,1;0
34,2;0;34,2;0;34,2;0;34,2;0;34,2;0;34,2;0;34,2;1;34,2;1;34,2;0;34,2;0;34,2;0;34,2;0
34,3;0;34,3;0;34,3;0;34,3;0;34,3;0;34,3;0;34,3;0;34,3;0;34,3;0;34,3;0;34,3;0;34,3;0
34,4;0;34,4;0;34,4;0;34,4;0;34,4;0;34,4;0;34,4;0;34,4;2;34,4;0;34,4;0;34,4;0;34,4;0
34,5;0;34,5;0;34,5;0;34,5;1;34,5;0;34,5;0;34,5;1;34,5;2;34,5;0;34,5;0;34,5;0;34,5;0
34,6;0;34,6;0;34,6;0;34,6;0;34,6;0;34,6;0;34,6;0;34,6;2;34,6;0;34,6;0;34,6;0;34,6;0
34,7;0;34,7;0;34,7;0;34,7;0;34,7;0;34,7;0;34,7;0;34,7;2;34,7;0;34,7;0;34,7;0;34,7;0
34,7;0;34,7;0;34,7;0;34,7;0;34,7;0;34,7;0;34,7;0;34,7;0;34,7;0;34,7;0;34,7;0;34,7;0
34,8;0;34,8;0;34,8;0;34,8;0;34,8;0;34,8;0;34,8;0;34,8;0;34,8;0;34,8;0;34,8;0;34,8;0
34,9;0;34,9;0;34,9;0;34,9;0;34,9;0;34,9;0;34,9;0;34,9;5;34,9;0;34,9;0;34,9;0;34,9;0
35;0;35;0;35;0;35;0;35;0;35;0;35;0;35;0;35;0;35;0;35;0;35;0
35,1;0;35,1;0;35,1;0;35,1;0;35,1;0;35,1;0;35,1;0;35,1;1;35,1;0;35,1;0;35,1;0;35,1;0
35,2;0;35,2;0;35,2;0;35,2;0;35,2;0;35,2;0;35,2;0;35,2;1;35,2;0;35,2;0;35,2;0;35,2;0
35,3;0;35,3;0;35,3;0;35,3;0;35,3;0;35,3;0;35,3;0;35,3;1;35,3;1;35,3;0;35,3;0;35,3;0
35,3;0;35,3;0;35,3;0;35,3;0;35,3;0;35,3;0;35,3;0;35,3;1;35,3;0;35,3;0;35,3;0;35,3;0
35,4;0;35,4;0;35,4;0;35,4;0;35,4;0;35,4;0;35,4;0;35,4;0;35,4;0;35,4;0;35,4;0;35,4;0
35,5;0;35,5;0;35,5;0;35,5;0;35,5;0;35,5;0;35,5;0;35,5;0;35,5;0;35,5;0;35,5;0;35,5;0
35,6;0;35,6;0;35,6;0;35,6;0;35,6;0;35,6;0;35,6;0;35,6;1;35,6;1;35,6;0;35,6;1;35,6;0
35,7;0;35,7;0;35,7;0;35,7;0;35,7;0;35,7;0;35,7;0;35,7;0;35,7;0;35,7;0;35,7;0;35,7;0
35,8;0;35,8;0;35,8;0;35,8;0;35,8;0;35,8;0;35,8;0;35,8;0;35,8;0;35,8;0;35,8;0;35,8;0
35,9;0;35,9;0;35,9;0;35,9;0;35,9;0;35,9;0;35,9;0;35,9;0;35,9;0;35,9;0;35,9;0;35,9;0
36;0;36;0;36;0;36;0;36;0;36;0;36;0;36;0;36;0;36;0;36;0;36;0
36;0;36;0;36;0;36;0;36;0;36;0;36;0;36;0;36;0;36;0;36;0;36;0
36,1;0;36,1;0;36,1;0;36,1;0;36,1;0;36,1;0;36,1;0;36,1;0;36,1;0;36,1;0;36,1;0;36,1;0
36,2;0;36,2;0;36,2;0;36,2;0;36,2;0;36,2;0;36,2;1;36,2;0;36,2;0;36,2;0;36,2;0;36,2;0
36,3;0;36,3;0;36,3;0;36,3;0;36,3;0;36,3;0;36,3;0;36,3;0;36,3;0;36,3;0;36,3;0;36,3;0
36,4;0;36,4;0;36,4;0;36,4;0;36,4;0;36,4;0;36,4;0;36,4;0;36,4;1;36,4;0;36,4;0;36,4;0
36,5;0;36,5;0;36,5;0;36,5;0;36,5;0;36,5;0;36,5;0;36,5;0;36,5;1;36,5;0;36,5;0;36,5;0
36,6;1;36,6;0;36,6;0;36,6;0;36,6;0;36,6;0;36,6;0;36,6;0;36,6;1;36,6;0;36,6;0;36,6;0
36,6;0;36,6;0;36,6;0;36,6;0;36,6;0;36,6;0;36,6;1;36,6;0;36,6;0;36,6;0;36,6;0;36,6;0
36,7;0;36,7;0;36,7;0;36,7;0;36,7;0;36,7;0;36,7;0;36,7;1;36,7;1;36,7;0;36,7;0;36,7;0
36,8;0;36,8;0;36,8;0;36,8;0;36,8;0;36,8;0;36,8;0;36,8;0;36,8;0;36,8;0;36,8;0;36,8;0
36,9;0;36,9;0;36,9;0;36,9;0;36,9;0;36,9;0;36,9;0;36,9;1;36,9;0;36,9;0;36,9;0;36,9;0
37;0;37;0;37;0;37;0;37;0;37;0;37;0;37;0;37;0;37;0;37;0;37;0
37,1;0;37,1;0;37,1;0;37,1;0;37,1;0;37,1;0;37,1;2;37,1;1;37,1;0;37,1;0;37,1;0;37,1;0
37,2;0;37,2;0;37,2;0;37,2;0;37,2;0;37,2;0;37,2;1;37,2;0;37,2;0;37,2;0;37,2;0;37,2;0
37,2;0;37,2;0;37,2;0;37,2;0;37,2;0;37,2;0;37,2;0;37,2;0;37,2;0;37,2;0;37,2;0;37,2;0
37,3;0;37,3;0;37,3;0;37,3;0;37,3;0;37,3;0;37,3;0;37,3;0;37,3;0;37,3;0;37,3;0;37,3;0
37,4;0;37,4;0;37,4;0;37,4;0;37,4;0;37,4;0;37,4;0;37,4;0;37,4;0;37,4;0;37,4;0;37,4;0
37,5;0;37,5;0;37,5;0;37,5;0;37,5;0;37,5;0;37,5;0;37,5;0;37,5;0;37,5;0;37,5;0;37,5;0
37,6;0;37,6;0;37,6;0;37,6;0;37,6;0;37,6;0;37,6;0;37,6;0;37,6;1;37,6;0;37,6;0;37,6;0
37,7;0;37,7;0;37,7;0;37,7;0;37,7;0;37,7;0;37,7;0;37,7;0;37,7;0;37,7;0;37,7;0;37,7;0
37,8;0;37,8;0;37,8;0;37,8;0;37,8;0;37,8;0;37,8;0;37,8;0;37,8;0;37,8;0;37,8;0;37,8;0
37,8;0;37,8;0;37,8;0;37,8;0;37,8;0;37,8;0;37,8;0;37,8;0;37,8;0;37,8;0;37,8;0;37,8;0
37,9;0;37,9;0;37,9;0;37,9;0;37,9;0;37,9;0;37,9;0;37,9;0;37,9;0;37,9;0;37,9;0;37,9;0
38;0;38;0;38;0;38;0;38;0;38;0;38;1;38;0;38;0;38;0;38;0;38;0
38,1;0;38,1;0;38,1;0;38,1;0;38,1;0;38,1;0;38,1;0;38,1;0;38,1;0;38,1;0;38,1;0;38,1;0
38,2;0;38,2;0;38,2;0;38,2;0;38,2;0;38,2;0;38,2;0;38,2;0;38,2;0;38,2;0;38,2;0;38,2;0
38,3;0;38,3;0;38,3;0;38,3;0;38,3;0;38,3;0;38,3;0;38,3;0;38,3;0;38,3;0;38,3;0;38,3;0
38,4;0;38,4;0;38,4;0;38,4;0;38,4;0;38,4;0;38,4;0;38,4;0;38,4;0;38,4;0;38,4;0;38,4;0
38,4;0;38,4;0;38,4;0;38,4;0;38,4;0;38,4;0;38,4;0;38,4;0;38,4;0;38,4;0;38,4;0;38,4;0
38,5;0;38,5;0;38,5;0;38,5;0;38,5;0;38,5;0;38,5;0;38,5;0;38,5;0;38,5;0;38,5;0;38,5;0
38,6;0;38,6;0;38,6;0;38,6;0;38,6;0;38,6;0;38,6;1;38,6;0;38,6;0;38,6;0;38,6;0;38,6;0
38,7;0;38,7;0;38,7;0;38,7;0;38,7;0;38,7;0;38,7;0;38,7;0;38,7;0;38,7;0;38,7;0;38,7;0
38,8;0;38,8;0;38,8;0;38,8;0;38,8;0;38,8;0;38,8;0;38,8;0;38,8;0;38,8;0;38,8;0;38,8;0
38,9;0;38,9;0;38,9;0;38,9;0;38,9;0;38,9;0;38,9;0;38,9;0;38,9;0;38,9;0;38,9;0;38,9;0
39;0;39;0;39;0;39;0;39;0;39;0;39;0;39;0;39;0;39;0;39;0;39;0
39,1;0;39,1;0;39,1;0;39,1;0;39,1;0;39,1;0;39,1;0;39,1;0;39,1;0;39,1;0;39,1;0;39,1;0
39,1;0;39,1;0;39,1;0;39,1;0;39,1;0;39,1;0;39,1;0;39,1;0;39,1;0;39,1;0;39,1;0;39,1;0
39,2;0;39,2;0;39,2;0;39,2;0;39,2;0;39,2;0;39,2;1;39,2;0;39,2;0;39,2;0;39,2;0;39,2;0
39,3;0;39,3;0;39,3;0;39,3;0;39,3;0;39,3;0;39,3;0;39,3;0;39,3;0;39,3;0;39,3;0;39,3;0
39,4;0;39,4;0;39,4;0;39,4;0;39,4;0;39,4;0;39,4;0;39,4;0;39,4;0;39,4;0;39,4;0;39,4;0
39,5;0;39,5;0;39,5;0;39,5;0;39,5;0;39,5;0;39,5;1;39,5;0;39,5;0;39,5;0;39,5;0;39,5;0
39,6;0;39,6;0;39,6;0;39,6;0;39,6;0;39,6;0;39,6;0;39,6;0;39,6;0;39,6;0;39,6;0;39,6;0
39,7;0;39,7;0;39,7;0;39,7;0;39,7;0;39,7;0;39,7;0;39,7;0;39,7;0;39,7;0;39,7;0;39,7;0
39,7;0;39,7;0;39,7;0;39,7;0;39,7;0;39,7;0;39,7;0;39,7;0;39,7;0;39,7;0;39,7;0;39,7;0
39,8;0;39,8;0;39,8;0;39,8;0;39,8;0;39,8;0;39,8;0;39,8;0;39,8;1;39,8;0;39,8;0;39,8;0
39,9;0;39,9;0;39,9;0;39,9;0;39,9;0;39,9;0;39,9;0;39,9;0;39,9;0;39,9;0;39,9;0;39,9;0
40;0;40;0;40;0;40;0;40;0;40;0;40;0;40;0;40;0;40;0;40;0;40;0
40,1;0;40,1;0;40,1;0;40,1;0;40,1;0;40,1;0;40,1;0;40,1;0;40,1;0;40,1;0;40,1;0;40,1;0
40,2;0;40,2;0;40,2;0;40,2;0;40,2;0;40,2;0;40,2;0;40,2;0;40,2;0;40,2;0;40,2;0;40,2;0
40,3;0;40,3;0;40,3;0;40,3;0;40,3;0;40,3;0;40,3;0;40,3;0;40,3;0;40,3;0;40,3;0;40,3;0
40,3;0;40,3;0;40,3;0;40,3;0;40,3;0;40,3;0;40,3;0;40,3;0;40,3;0;40,3;0;40,3;0;40,3;0
40,4;0;40,4;0;40,4;0;40,4;0;40,4;0;40,4;0;40,4;0;40,4;0;40,4;0;40,4;0;40,4;0;40,4;0
40,5;0;40,5;0;40,5;0;40,5;0;40,5;0;40,5;0;40,5;0;40,5;0;40,5;0;40,5;0;40,5;0;40,5;0
40,6;0;40,6;0;40,6;0;40,6;0;40,6;0;40,6;0;40,6;0;40,6;0;40,6;0;40,6;0;40,6;0;40,6;0
40,7;0;40,7;0;40,7;0;40,7;0;40,7;0;40,7;0;40,7;0;40,7;0;40,7;0;40,7;0;40,7;0;40,7;0
40,8;0;40,8;0;40,8;0;40,8;0;40,8;0;40,8;0;40,8;0;40,8;0;40,8;0;40,8;0;40,8;0;40,8;0
40,9;0;40,9;0;40,9;0;40,9;0;40,9;0;40,9;0;40,9;0;40,9;0;40,9;0;40,9;0;40,9;1;40,9;0
40,9;0;40,9;0;40,9;0;40,9;0;40,9;0;40,9;0;40,9;0;40,9;0;40,9;1;40,9;0;40,9;0;40,9;0
41;0;41;0;41;0;41;0;41;0;41;0;41;0;41;0;41;1;41;0;41;0;41;0
41,1;0;41,1;0;41,1;0;41,1;0;41,1;0;41,1;0;41,1;0;41,1;0;41,1;0;41,1;0;41,1;0;41,1;0
41,2;0;41,2;0;41,2;0;41,2;0;41,2;0;41,2;0;41,2;0;41,2;0;41,2;0;41,2;0;41,2;0;41,2;0
41,3;0;41,3;0;41,3;0;41,3;0;41,3;0;41,3;0;41,3;0;41,3;0;41,3;0;41,3;0;41,3;0;41,3;0
41,4;0;41,4;0;41,4;0;41,4;0;41,4;0;41,4;0;41,4;0;41,4;0;41,4;0;41,4;0;41,4;0;41,4;0
41,5;0;41,5;0;41,5;0;41,5;0;41,5;0;41,5;0;41,5;0;41,5;0;41,5;0;41,5;0;41,5;0;41,5;0
41,6;0;41,6;0;41,6;0;41,6;0;41,6;0;41,6;0;41,6;0;41,6;0;41,6;0;41,6;0;41,6;0;41,6;0
41,6;0;41,6;0;41,6;0;41,6;0;41,6;0;41,6;0;41,6;0;41,6;0;41,6;0;41,6;0;41,6;0;41,6;0
41,7;0;41,7;0;41,7;0;41,7;0;41,7;0;41,7;0;41,7;0;41,7;0;41,7;0;41,7;0;41,7;1;41,7;0
41,8;0;41,8;0;41,8;0;41,8;0;41,8;0;41,8;0;41,8;0;41,8;0;41,8;0;41,8;0;41,8;0;41,8;0
41,9;0;41,9;0;41,9;0;41,9;0;41,9;0;41,9;0;41,9;0;41,9;0;41,9;0;41,9;0;41,9;0;41,9;0
42;0;42;0;42;0;42;0;42;0;42;0;42;0;42;0;42;0;42;0;42;0;42;0
42,1;0;42,1;0;42,1;0;42,1;0;42,1;0;42,1;0;42,1;0;42,1;0;42,1;0;42,1;0;42,1;0;42,1;0
42,2;0;42,2;0;42,2;0;42,2;0;42,2;0;42,2;0;42,2;0;42,2;0;42,2;0;42,2;0;42,2;0;42,2;0
42,2;0;42,2;0;42,2;0;42,2;0;42,2;0;42,2;0;42,2;0;42,2;0;42,2;0;42,2;0;42,2;0;42,2;0
42,3;0;42,3;0;42,3;0;42,3;0;42,3;0;42,3;0;42,3;0;42,3;0;42,3;0;42,3;0;42,3;0;42,3;0
42,4;0;42,4;0;42,4;0;42,4;0;42,4;0;42,4;0;42,4;0;42,4;0;42,4;0;42,4;0;42,4;0;42,4;0
42,5;0;42,5;0;42,5;0;42,5;0;42,5;0;42,5;0;42,5;0;42,5;0;42,5;0;42,5;0;42,5;0;42,5;0
42,6;0;42,6;0;42,6;0;42,6;0;42,6;0;42,6;0;42,6;0;42,6;0;42,6;0;42,6;0;42,6;0;42,6;0
42,7;0;42,7;0;42,7;0;42,7;0;42,7;0;42,7;0;42,7;0;42,7;0;42,7;0;42,7;0;42,7;0;42,7;0
42,8;0;42,8;0;42,8;0;42,8;0;42,8;0;42,8;0;42,8;0;42,8;0;42,8;0;42,8;0;42,8;0;42,8;0
42,8;0;42,8;0;42,8;0;42,8;0;42,8;0;42,8;0;42,8;0;42,8;0;42,8;0;42,8;0;42,8;0;42,8;0
42,9;0;42,9;0;42,9;0;42,9;0;42,9;0;42,9;0;42,9;0;42,9;0;42,9;0;42,9;0;42,9;0;42,9;0
43;0;43;0;43;0;43;0;43;0;43;0;43;0;43;0;43;0;43;0;43;0;43;0
43,1;0;43,1;0;43,1;0;43,1;0;43,1;0;43,1;0;43,1;0;43,1;0;43,1;0;43,1;0;43,1;0;43,1;0
43,2;0;43,2;0;43,2;0;43,2;0;43,2;0;43,2;0;43,2;0;43,2;0;43,2;0;43,2;0;43,2;0;43,2;0
43,3;0;43,3;0;43,3;0;43,3;0;43,3;0;43,3;0;43,3;0;43,3;0;43,3;0;43,3;0;43,3;0;43,3;0
43,4;0;43,4;0;43,4;0;43,4;0;43,4;0;43,4;0;43,4;0;43,4;0;43,4;0;43,4;0;43,4;0;43,4;0
43,4;0;43,4;0;43,4;0;43,4;0;43,4;0;43,4;0;43,4;0;43,4;0;43,4;0;43,4;0;43,4;0;43,4;0
43,5;0;43,5;0;43,5;0;43,5;0;43,5;0;43,5;0;43,5;0;43,5;0;43,5;0;43,5;0;43,5;0;43,5;0
43,6;0;43,6;0;43,6;0;43,6;0;43,6;0;43,6;0;43,6;0;43,6;0;43,6;0;43,6;0;43,6;0;43,6;0
43,7;0;43,7;0;43,7;0;43,7;0;43,7;0;43,7;0;43,7;0;43,7;0;43,7;0;43,7;0;43,7;0;43,7;0
43,8;0;43,8;0;43,8;0;43,8;0;43,8;0;43,8;0;43,8;0;43,8;0;43,8;0;43,8;0;43,8;0;43,8;0
43,9;0;43,9;0;43,9;0;43,9;0;43,9;0;43,9;0;43,9;0;43,9;0;43,9;0;43,9;0;43,9;0;43,9;0
44;0;44;0;44;0;44;0;44;0;44;0;44;0;44;0;44;0;44;0;44;0;44;0
44;0;44;0;44;0;44;0;44;0;44;0;44;0;44;0;44;0;44;0;44;0;44;0
44,1;0;44,1;0;44,1;0;44,1;0;44,1;0;44,1;0;44,1;0;44,1;0;44,1;0;44,1;0;44,1;0;44,1;0
44,2;0;44,2;0;44,2;0;44,2;0;44,2;0;44,2;0;44,2;0;44,2;0;44,2;0;44,2;0;44,2;0;44,2;0
44,3;0;44,3;0;44,3;0;44,3;0;44,3;0;44,3;0;44,3;0;44,3;0;44,3;0;44,3;0;44,3;0;44,3;0
44,4;17;44,4;15;44,4;24;44,4;30;44,4;34;44,4;38;44,4;34;44,4;32;44,4;26;44,4;34;44,4;24;44,4;35
